"capa_fisica","esquema","objeto","tipo_objeto"
"Gold","dbo","TMS_Tipo_Vehiculos","BASE TABLE"
"Gold","dbo","TMS_Vehiculos","BASE TABLE"
"Gold","dbo","TMS_Vista_Viajes_Troncales","BASE TABLE"
"Gold","dbo","U3_Choferes","BASE TABLE"
"Gold","dbo","U3_Liq_Fleteros_Cabecera","BASE TABLE"
"Gold","dbo","U3_tablero_altas_presentismo","BASE TABLE"
"Gold","dbo","barras_usalud_comercial","BASE TABLE"
"Gold","dbo","calendario_usalud","BASE TABLE"
"Gold","dbo","canalizadores","BASE TABLE"
"Gold","dbo","gd_camiones_tms","BASE TABLE"
"Gold","dbo","gd_carritos_liquidacion","BASE TABLE"
"Gold","dbo","gd_choferes_tms","BASE TABLE"
"Gold","dbo","gd_citacion_presentismo","BASE TABLE"
"Gold","dbo","gd_dim_calendario","BASE TABLE"
"Gold","dbo","gd_documentacion_tms","BASE TABLE"
"Gold","dbo","gd_feriados","BASE TABLE"
"Gold","dbo","gd_fleteros_detalle_comp_costo","BASE TABLE"
"Gold","dbo","gd_liq_fleteros_p20su","BASE TABLE"
"Gold","dbo","gd_mlp_meli","BASE TABLE"
"Gold","dbo","gd_necesidades_moviles","BASE TABLE"
"Gold","dbo","gd_pnr_carritos","BASE TABLE"
"Gold","dbo","gd_pnr_carritos_final","BASE TABLE"
"Gold","dbo","gd_pnu_carritos","BASE TABLE"
"Gold","dbo","gd_presentismo_ranking_urbano_carritos","BASE TABLE"
"Gold","dbo","gd_reconocimiento_pnu","BASE TABLE"
"Gold","dbo","gd_resolucion_problemas","BASE TABLE"
"Gold","dbo","gd_semirremolques_tms","BASE TABLE"
"Gold","dbo","gd_sucursales","BASE TABLE"
"Gold","dbo","gd_sucursales_maestra","BASE TABLE"
"Gold","dbo","gd_tansportistas_tms","BASE TABLE"
"Gold","dbo","gd_volumen_sla","BASE TABLE"
"Gold","dbo","shippers_usalud","BASE TABLE"
"Gold","dbo","Presentes Carritos Productividad","VIEW"
"Gold","dbo","Presentes U3 Productividad","VIEW"
"Gold","dbo","vw_fleteros_p20sinUnidad","VIEW"
"Gold","dbo","vw_fleteros_p20sinUnidad_carritos","VIEW"
"Gold","dbo","vw_fleteros_p20sinUnidad_detalle","VIEW"
"Bronze","dbo","br_camiones_tms","BASE TABLE"
"Bronze","dbo","br_choferes_rrhh","BASE TABLE"
"Bronze","dbo","br_choferes_tms","BASE TABLE"
"Bronze","dbo","br_control_gestion_acumulado","BASE TABLE"
"Bronze","dbo","br_control_gestion_bases","BASE TABLE"
"Bronze","dbo","br_control_gestion_equivalencias_sucursales","BASE TABLE"
"Bronze","dbo","br_documentacion_tms","BASE TABLE"
"Bronze","dbo","br_liq_fletero_cabecera","BASE TABLE"
"Bronze","dbo","br_liq_fletero_detalle","BASE TABLE"
"Bronze","dbo","br_meli_reporte_operaciones","BASE TABLE"
"Bronze","dbo","br_nexus_treggo","BASE TABLE"
"Bronze","dbo","br_pnr_carritos","BASE TABLE"
"Bronze","dbo","br_pnr_resumen_volumen","BASE TABLE"
"Bronze","dbo","br_pnr_solucion_problemas","BASE TABLE"
"Bronze","dbo","br_pnu_carritos","BASE TABLE"
"Bronze","dbo","br_presentes_u3","BASE TABLE"
"Bronze","dbo","br_reconocimiento_pnu","BASE TABLE"
"Bronze","dbo","br_semirremolques_tms","BASE TABLE"
"Bronze","dbo","br_sucursales_carritos","BASE TABLE"
"Bronze","dbo","br_tansportistas_tms","BASE TABLE"
"Bronze","dbo","br_tarifario_carritos","BASE TABLE"
"Bronze","dbo","sl_liq_fleteros_cabecera_hist","BASE TABLE"
"Bronze","dbo","sl_liq_fleteros_detalle_hist","BASE TABLE"
"Bronze","dbo","vw_adicional_zona_historico","VIEW"
"Bronze","dbo","vw_br_control_gestion_acumulado","VIEW"
"Bronze","dbo","vw_fletero_cabecera","VIEW"
"Bronze","dbo","vw_fletero_detalle","VIEW"
"Bronze","dbo","vw_idb_composicion_costos","VIEW"
"Bronze","dbo","vw_iop_detalle","VIEW"
"Bronze","dbo","vw_volumen_tramitado","VIEW"
"Bronze","dbo","vw_volumen_tramitado_detalle","VIEW"
"Silver","dbo","Canalizadores","BASE TABLE"
"Silver","dbo","U3_Calendario","BASE TABLE"
"Silver","dbo","U3_Caratulas_Presentismo","BASE TABLE"
"Silver","dbo","U3_DETALLE_MANIF","BASE TABLE"
"Silver","dbo","U3_Dimensiones_Sorter","BASE TABLE"
"Silver","dbo","U3_Liq_Fleteros_Dim_Viajes","BASE TABLE"
"Silver","dbo","U3_dimensiones_sorter_v2","BASE TABLE"
"Silver","dbo","U3_servicio_ruedas","BASE TABLE"
"Silver","dbo","U3_sla_informe","BASE TABLE"
"Silver","dbo","U3_tablero_usalud_DL","BASE TABLE"
"Silver","dbo","U3_tablero_usalud_RC","BASE TABLE"
"Silver","dbo","U3_tablero_usalud_barras","BASE TABLE"
"Silver","dbo","U3_tablero_usalud_calendario","BASE TABLE"
"Silver","dbo","U3_tablero_usalud_shippers","BASE TABLE"
"Silver","dbo","U3_tablero_usalud_shippers_rend_fisica","BASE TABLE"
"Silver","dbo","shippers_rendFisica_grupos_gold","BASE TABLE"
"Silver","dbo","sl_camiones_tms","BASE TABLE"
"Silver","dbo","sl_choferes_tms","BASE TABLE"
"Silver","dbo","sl_documentacion_tms","BASE TABLE"
"Silver","dbo","sl_meli_reporte_operaciones","BASE TABLE"
"Silver","dbo","sl_pnr_carritos","BASE TABLE"
"Silver","dbo","sl_pnr_resumen_volumen","BASE TABLE"
"Silver","dbo","sl_pnr_soluciones_problemas","BASE TABLE"
"Silver","dbo","sl_presentes_carritos","BASE TABLE"
"Silver","dbo","sl_semirremolques_tms","BASE TABLE"
"Silver","dbo","sl_tansportistas_tms","BASE TABLE"
"Silver","dbo","tablero_usalud_sla","BASE TABLE"
"Silver","dbo","Presentes Fleteros SUGU","VIEW"
"Silver","dbo","Share_Carritos_Liquidacion","VIEW"
"Silver","dbo","informix_ruedas","VIEW"
